product_id,tenant_id,product_name,category,base_price
T1_P1,T1,Banking Product 1 (Niche),Niche,378.3
T1_P2,T1,Banking Product 2 (Rare),Rare,406.66
T1_P3,T1,Banking Product 3 (Mid),Mid,89.1
T1_P4,T1,Banking Product 4 (Niche),Niche,347.8
T1_P5,T1,Banking Product 5 (Core),Core,158.39
T1_P6,T1,Banking Product 6 (Mid),Mid,447.28
T1_P7,T1,Banking Product 7 (Mid),Mid,211.25
T1_P8,T1,Banking Product 8 (Popular),Popular,30.03
T1_P9,T1,Banking Product 9 (Niche),Niche,80.7
T1_P10,T1,Banking Product 10 (Rare),Rare,404.48
T1_P11,T1,Banking Product 11 (Mid),Mid,134.59
T1_P12,T1,Banking Product 12 (Niche),Niche,16.94
T1_P13,T1,Banking Product 13 (Niche),Niche,295.46
T1_P14,T1,Banking Product 14 (Popular),Popular,208.27
T1_P15,T1,Banking Product 15 (Niche),Niche,178.5
T1_P16,T1,Banking Product 16 (Mid),Mid,176.6
T1_P17,T1,Banking Product 17 (Niche),Niche,250.47
T1_P18,T1,Banking Product 18 (Rare),Rare,426.74
T1_P19,T1,Banking Product 19 (Core),Core,375.01
T1_P20,T1,Banking Product 20 (Mid),Mid,203.86
T1_P21,T1,Banking Product 21 (Mid),Mid,356.68
T1_P22,T1,Banking Product 22 (Niche),Niche,45.91
T1_P23,T1,Banking Product 23 (Mid),Mid,58.07
T1_P24,T1,Banking Product 24 (Popular),Popular,495.65
T1_P25,T1,Banking Product 25 (Popular),Popular,268.99
T1_P26,T1,Banking Product 26 (Core),Core,153.52
T1_P27,T1,Banking Product 27 (Niche),Niche,309.0
T1_P28,T1,Banking Product 28 (Popular),Popular,445.21
T1_P29,T1,Banking Product 29 (Mid),Mid,198.63
T1_P30,T1,Banking Product 30 (Mid),Mid,123.7
T1_P31,T1,Banking Product 31 (Mid),Mid,392.68
T1_P32,T1,Banking Product 32 (Mid),Mid,252.3
T1_P33,T1,Banking Product 33 (Popular),Popular,466.72
T1_P34,T1,Banking Product 34 (Rare),Rare,273.06
T1_P35,T1,Banking Product 35 (Mid),Mid,491.47
T1_P36,T1,Banking Product 36 (Niche),Niche,192.37
T1_P37,T1,Banking Product 37 (Mid),Mid,125.02
T1_P38,T1,Banking Product 38 (Mid),Mid,80.89
T1_P39,T1,Banking Product 39 (Popular),Popular,53.3
T1_P40,T1,Banking Product 40 (Rare),Rare,78.23
T1_P41,T1,Banking Product 41 (Mid),Mid,155.08
T1_P42,T1,Banking Product 42 (Mid),Mid,209.43
T1_P43,T1,Banking Product 43 (Mid),Mid,323.19
T1_P44,T1,Banking Product 44 (Rare),Rare,496.34
T1_P45,T1,Banking Product 45 (Core),Core,38.43
T1_P46,T1,Banking Product 46 (Mid),Mid,423.94
T1_P47,T1,Banking Product 47 (Rare),Rare,173.64
T1_P48,T1,Banking Product 48 (Niche),Niche,142.31
T1_P49,T1,Banking Product 49 (Mid),Mid,492.09
T1_P50,T1,Banking Product 50 (Popular),Popular,241.4
T1_P51,T1,Banking Product 51 (Mid),Mid,486.17
T1_P52,T1,Banking Product 52 (Niche),Niche,126.79
T1_P53,T1,Banking Product 53 (Niche),Niche,286.12
T1_P54,T1,Banking Product 54 (Mid),Mid,402.1
T1_P55,T1,Banking Product 55 (Niche),Niche,427.89
T1_P56,T1,Banking Product 56 (Mid),Mid,202.49
T1_P57,T1,Banking Product 57 (Niche),Niche,224.64
T1_P58,T1,Banking Product 58 (Mid),Mid,357.6
T1_P59,T1,Banking Product 59 (Mid),Mid,281.94
T1_P60,T1,Banking Product 60 (Rare),Rare,231.26
T1_P61,T1,Banking Product 61 (Popular),Popular,475.67
T1_P62,T1,Banking Product 62 (Mid),Mid,412.7
T1_P63,T1,Banking Product 63 (Popular),Popular,65.9
T1_P64,T1,Banking Product 64 (Niche),Niche,354.4
T1_P65,T1,Banking Product 65 (Core),Core,26.53
T1_P66,T1,Banking Product 66 (Niche),Niche,314.39
T1_P67,T1,Banking Product 67 (Core),Core,482.32
T1_P68,T1,Banking Product 68 (Mid),Mid,450.48
T1_P69,T1,Banking Product 69 (Mid),Mid,105.52
T1_P70,T1,Banking Product 70 (Core),Core,72.24
T1_P71,T1,Banking Product 71 (Mid),Mid,162.95
T1_P72,T1,Banking Product 72 (Mid),Mid,102.87
T1_P73,T1,Banking Product 73 (Niche),Niche,174.06
T1_P74,T1,Banking Product 74 (Mid),Mid,168.79
T1_P75,T1,Banking Product 75 (Mid),Mid,87.22
T1_P76,T1,Banking Product 76 (Mid),Mid,417.77
T1_P77,T1,Banking Product 77 (Mid),Mid,94.67
T1_P78,T1,Banking Product 78 (Core),Core,57.9
T1_P79,T1,Banking Product 79 (Mid),Mid,67.23
T1_P80,T1,Banking Product 80 (Core),Core,371.2
T1_P81,T1,Banking Product 81 (Niche),Niche,343.97
T1_P82,T1,Banking Product 82 (Popular),Popular,124.42
T1_P83,T1,Banking Product 83 (Popular),Popular,369.54
T1_P84,T1,Banking Product 84 (Mid),Mid,62.56
T1_P85,T1,Banking Product 85 (Rare),Rare,81.66
T1_P86,T1,Banking Product 86 (Popular),Popular,438.05
T1_P87,T1,Banking Product 87 (Mid),Mid,214.9
T1_P88,T1,Banking Product 88 (Niche),Niche,34.44
T1_P89,T1,Banking Product 89 (Mid),Mid,374.97
T1_P90,T1,Banking Product 90 (Popular),Popular,428.44
T1_P91,T1,Banking Product 91 (Niche),Niche,175.35
T1_P92,T1,Banking Product 92 (Mid),Mid,296.15
T1_P93,T1,Banking Product 93 (Niche),Niche,153.56
T1_P94,T1,Banking Product 94 (Rare),Rare,134.78
T1_P95,T1,Banking Product 95 (Niche),Niche,87.54
T1_P96,T1,Banking Product 96 (Core),Core,489.98
T1_P97,T1,Banking Product 97 (Niche),Niche,82.32
T1_P98,T1,Banking Product 98 (Mid),Mid,142.26
T1_P99,T1,Banking Product 99 (Niche),Niche,264.05
T1_P100,T1,Banking Product 100 (Core),Core,252.86
T1_P101,T1,Banking Product 101 (Mid),Mid,239.38
T1_P102,T1,Banking Product 102 (Mid),Mid,130.02
T1_P103,T1,Banking Product 103 (Mid),Mid,473.61
T1_P104,T1,Banking Product 104 (Niche),Niche,197.84
T1_P105,T1,Banking Product 105 (Niche),Niche,436.18
T1_P106,T1,Banking Product 106 (Niche),Niche,78.75
T1_P107,T1,Banking Product 107 (Rare),Rare,126.87
T1_P108,T1,Banking Product 108 (Niche),Niche,102.06
T1_P109,T1,Banking Product 109 (Rare),Rare,11.6
T1_P110,T1,Banking Product 110 (Niche),Niche,54.08
T1_P111,T1,Banking Product 111 (Niche),Niche,289.47
T1_P112,T1,Banking Product 112 (Mid),Mid,488.5
T1_P113,T1,Banking Product 113 (Mid),Mid,381.62
T1_P114,T1,Banking Product 114 (Mid),Mid,241.42
T1_P115,T1,Banking Product 115 (Rare),Rare,210.15
T1_P116,T1,Banking Product 116 (Popular),Popular,122.84
T1_P117,T1,Banking Product 117 (Rare),Rare,375.12
T1_P118,T1,Banking Product 118 (Popular),Popular,231.82
T1_P119,T1,Banking Product 119 (Niche),Niche,326.23
T1_P120,T1,Banking Product 120 (Mid),Mid,11.69
T1_P121,T1,Banking Product 121 (Popular),Popular,310.76
T1_P122,T1,Banking Product 122 (Niche),Niche,120.03
T1_P123,T1,Banking Product 123 (Niche),Niche,487.18
T1_P124,T1,Banking Product 124 (Niche),Niche,291.74
T1_P125,T1,Banking Product 125 (Popular),Popular,483.87
T1_P126,T1,Banking Product 126 (Mid),Mid,160.38
T1_P127,T1,Banking Product 127 (Mid),Mid,315.56
T1_P128,T1,Banking Product 128 (Rare),Rare,213.97
T1_P129,T1,Banking Product 129 (Niche),Niche,250.34
T1_P130,T1,Banking Product 130 (Popular),Popular,112.62
T1_P131,T1,Banking Product 131 (Mid),Mid,20.69
T1_P132,T1,Banking Product 132 (Niche),Niche,435.66
T1_P133,T1,Banking Product 133 (Niche),Niche,288.41
T1_P134,T1,Banking Product 134 (Rare),Rare,81.3
T1_P135,T1,Banking Product 135 (Popular),Popular,480.85
T1_P136,T1,Banking Product 136 (Niche),Niche,438.7
T1_P137,T1,Banking Product 137 (Core),Core,93.4
T1_P138,T1,Banking Product 138 (Popular),Popular,265.43
T1_P139,T1,Banking Product 139 (Core),Core,267.51
T1_P140,T1,Banking Product 140 (Rare),Rare,10.99
T1_P141,T1,Banking Product 141 (Niche),Niche,103.13
T1_P142,T1,Banking Product 142 (Niche),Niche,215.23
T1_P143,T1,Banking Product 143 (Mid),Mid,424.19
T1_P144,T1,Banking Product 144 (Mid),Mid,376.07
T1_P145,T1,Banking Product 145 (Niche),Niche,479.1
T1_P146,T1,Banking Product 146 (Mid),Mid,79.36
T1_P147,T1,Banking Product 147 (Mid),Mid,197.73
T1_P148,T1,Banking Product 148 (Popular),Popular,226.47
T1_P149,T1,Banking Product 149 (Mid),Mid,67.03
T1_P150,T1,Banking Product 150 (Rare),Rare,196.74
T1_P151,T1,Banking Product 151 (Niche),Niche,440.53
T1_P152,T1,Banking Product 152 (Niche),Niche,113.26
T1_P153,T1,Banking Product 153 (Popular),Popular,402.06
T1_P154,T1,Banking Product 154 (Niche),Niche,237.0
T1_P155,T1,Banking Product 155 (Mid),Mid,233.77
T1_P156,T1,Banking Product 156 (Niche),Niche,303.14
T1_P157,T1,Banking Product 157 (Niche),Niche,273.58
T1_P158,T1,Banking Product 158 (Niche),Niche,279.81
T1_P159,T1,Banking Product 159 (Rare),Rare,338.85
T1_P160,T1,Banking Product 160 (Popular),Popular,429.76
T1_P161,T1,Banking Product 161 (Mid),Mid,239.55
T1_P162,T1,Banking Product 162 (Rare),Rare,189.11
T1_P163,T1,Banking Product 163 (Mid),Mid,166.26
T1_P164,T1,Banking Product 164 (Rare),Rare,201.98
T1_P165,T1,Banking Product 165 (Core),Core,360.49
T1_P166,T1,Banking Product 166 (Mid),Mid,45.03
T1_P167,T1,Banking Product 167 (Mid),Mid,322.24
T1_P168,T1,Banking Product 168 (Mid),Mid,396.09
T1_P169,T1,Banking Product 169 (Niche),Niche,468.92
T1_P170,T1,Banking Product 170 (Mid),Mid,381.62
T1_P171,T1,Banking Product 171 (Mid),Mid,490.11
T1_P172,T1,Banking Product 172 (Mid),Mid,101.69
T1_P173,T1,Banking Product 173 (Core),Core,404.73
T1_P174,T1,Banking Product 174 (Niche),Niche,441.22
T1_P175,T1,Banking Product 175 (Niche),Niche,257.27
T1_P176,T1,Banking Product 176 (Niche),Niche,147.95
T1_P177,T1,Banking Product 177 (Mid),Mid,432.32
T1_P178,T1,Banking Product 178 (Mid),Mid,463.67
T1_P179,T1,Banking Product 179 (Niche),Niche,329.36
T1_P180,T1,Banking Product 180 (Mid),Mid,495.14
T1_P181,T1,Banking Product 181 (Mid),Mid,379.21
T1_P182,T1,Banking Product 182 (Core),Core,102.16
T1_P183,T1,Banking Product 183 (Popular),Popular,471.9
T1_P184,T1,Banking Product 184 (Niche),Niche,248.67
T1_P185,T1,Banking Product 185 (Mid),Mid,287.34
T1_P186,T1,Banking Product 186 (Mid),Mid,165.89
T1_P187,T1,Banking Product 187 (Niche),Niche,127.74
T1_P188,T1,Banking Product 188 (Niche),Niche,160.53
T1_P189,T1,Banking Product 189 (Rare),Rare,497.19
T1_P190,T1,Banking Product 190 (Core),Core,323.81
T1_P191,T1,Banking Product 191 (Niche),Niche,403.42
T1_P192,T1,Banking Product 192 (Niche),Niche,120.6
T1_P193,T1,Banking Product 193 (Rare),Rare,238.95
T1_P194,T1,Banking Product 194 (Popular),Popular,373.29
T1_P195,T1,Banking Product 195 (Rare),Rare,393.85
T1_P196,T1,Banking Product 196 (Mid),Mid,27.42
T1_P197,T1,Banking Product 197 (Popular),Popular,238.38
T1_P198,T1,Banking Product 198 (Niche),Niche,443.3
T1_P199,T1,Banking Product 199 (Rare),Rare,452.14
T1_P200,T1,Banking Product 200 (Rare),Rare,396.51
T1_P201,T1,Banking Product 201 (Niche),Niche,110.73
T1_P202,T1,Banking Product 202 (Mid),Mid,306.06
T1_P203,T1,Banking Product 203 (Mid),Mid,407.14
T1_P204,T1,Banking Product 204 (Mid),Mid,232.17
T1_P205,T1,Banking Product 205 (Mid),Mid,273.34
T1_P206,T1,Banking Product 206 (Niche),Niche,20.58
T1_P207,T1,Banking Product 207 (Niche),Niche,348.52
T1_P208,T1,Banking Product 208 (Mid),Mid,294.72
T1_P209,T1,Banking Product 209 (Core),Core,271.82
T1_P210,T1,Banking Product 210 (Rare),Rare,248.93
T1_P211,T1,Banking Product 211 (Niche),Niche,387.4
T1_P212,T1,Banking Product 212 (Mid),Mid,42.64
T1_P213,T1,Banking Product 213 (Popular),Popular,329.58
T1_P214,T1,Banking Product 214 (Mid),Mid,316.64
T1_P215,T1,Banking Product 215 (Mid),Mid,49.8
T1_P216,T1,Banking Product 216 (Mid),Mid,58.6
T1_P217,T1,Banking Product 217 (Mid),Mid,131.64
T1_P218,T1,Banking Product 218 (Niche),Niche,278.09
T1_P219,T1,Banking Product 219 (Rare),Rare,193.27
T1_P220,T1,Banking Product 220 (Core),Core,109.95
T1_P221,T1,Banking Product 221 (Niche),Niche,369.51
T1_P222,T1,Banking Product 222 (Popular),Popular,49.61
T1_P223,T1,Banking Product 223 (Mid),Mid,264.37
T1_P224,T1,Banking Product 224 (Mid),Mid,198.92
T1_P225,T1,Banking Product 225 (Popular),Popular,311.0
T1_P226,T1,Banking Product 226 (Niche),Niche,455.42
T1_P227,T1,Banking Product 227 (Niche),Niche,40.98
T1_P228,T1,Banking Product 228 (Popular),Popular,101.38
T1_P229,T1,Banking Product 229 (Mid),Mid,412.59
T1_P230,T1,Banking Product 230 (Mid),Mid,388.16
T1_P231,T1,Banking Product 231 (Popular),Popular,267.98
T1_P232,T1,Banking Product 232 (Niche),Niche,32.57
T1_P233,T1,Banking Product 233 (Mid),Mid,137.7
T1_P234,T1,Banking Product 234 (Core),Core,66.22
T1_P235,T1,Banking Product 235 (Mid),Mid,117.6
T1_P236,T1,Banking Product 236 (Rare),Rare,265.67
T1_P237,T1,Banking Product 237 (Niche),Niche,213.97
T1_P238,T1,Banking Product 238 (Mid),Mid,402.57
T1_P239,T1,Banking Product 239 (Mid),Mid,315.36
T1_P240,T1,Banking Product 240 (Core),Core,30.01
T1_P241,T1,Banking Product 241 (Mid),Mid,384.43
T1_P242,T1,Banking Product 242 (Mid),Mid,81.5
T1_P243,T1,Banking Product 243 (Rare),Rare,313.93
T1_P244,T1,Banking Product 244 (Popular),Popular,319.24
T1_P245,T1,Banking Product 245 (Rare),Rare,49.31
T1_P246,T1,Banking Product 246 (Mid),Mid,222.34
T1_P247,T1,Banking Product 247 (Mid),Mid,389.58
T1_P248,T1,Banking Product 248 (Niche),Niche,240.31
T1_P249,T1,Banking Product 249 (Niche),Niche,477.07
T1_P250,T1,Banking Product 250 (Mid),Mid,41.55
T1_P251,T1,Banking Product 251 (Niche),Niche,69.71
T1_P252,T1,Banking Product 252 (Mid),Mid,336.83
T1_P253,T1,Banking Product 253 (Mid),Mid,128.97
T1_P254,T1,Banking Product 254 (Rare),Rare,432.59
T1_P255,T1,Banking Product 255 (Niche),Niche,367.35
T1_P256,T1,Banking Product 256 (Popular),Popular,402.49
T1_P257,T1,Banking Product 257 (Rare),Rare,460.59
T1_P258,T1,Banking Product 258 (Mid),Mid,193.48
T1_P259,T1,Banking Product 259 (Core),Core,249.12
T1_P260,T1,Banking Product 260 (Mid),Mid,65.7
T1_P261,T1,Banking Product 261 (Popular),Popular,206.6
T1_P262,T1,Banking Product 262 (Mid),Mid,216.44
T1_P263,T1,Banking Product 263 (Mid),Mid,298.41
T1_P264,T1,Banking Product 264 (Popular),Popular,330.38
T1_P265,T1,Banking Product 265 (Mid),Mid,310.97
T1_P266,T1,Banking Product 266 (Mid),Mid,90.15
T1_P267,T1,Banking Product 267 (Mid),Mid,57.3
T1_P268,T1,Banking Product 268 (Niche),Niche,93.7
T1_P269,T1,Banking Product 269 (Mid),Mid,22.39
T1_P270,T1,Banking Product 270 (Mid),Mid,16.31
T1_P271,T1,Banking Product 271 (Popular),Popular,441.98
T1_P272,T1,Banking Product 272 (Mid),Mid,161.71
T1_P273,T1,Banking Product 273 (Mid),Mid,421.97
T1_P274,T1,Banking Product 274 (Niche),Niche,229.91
T1_P275,T1,Banking Product 275 (Niche),Niche,70.36
T1_P276,T1,Banking Product 276 (Mid),Mid,15.24
T1_P277,T1,Banking Product 277 (Mid),Mid,260.25
T1_P278,T1,Banking Product 278 (Niche),Niche,30.44
T1_P279,T1,Banking Product 279 (Niche),Niche,43.95
T1_P280,T1,Banking Product 280 (Mid),Mid,205.95
T1_P281,T1,Banking Product 281 (Niche),Niche,310.4
T1_P282,T1,Banking Product 282 (Core),Core,400.1
T1_P283,T1,Banking Product 283 (Niche),Niche,273.55
T1_P284,T1,Banking Product 284 (Popular),Popular,27.86
T1_P285,T1,Banking Product 285 (Mid),Mid,31.23
T1_P286,T1,Banking Product 286 (Niche),Niche,189.12
T1_P287,T1,Banking Product 287 (Niche),Niche,172.13
T1_P288,T1,Banking Product 288 (Mid),Mid,292.95
T1_P289,T1,Banking Product 289 (Mid),Mid,59.93
T1_P290,T1,Banking Product 290 (Mid),Mid,478.36
T1_P291,T1,Banking Product 291 (Niche),Niche,391.89
T1_P292,T1,Banking Product 292 (Core),Core,264.63
T1_P293,T1,Banking Product 293 (Rare),Rare,33.46
T1_P294,T1,Banking Product 294 (Popular),Popular,454.19
T1_P295,T1,Banking Product 295 (Niche),Niche,58.01
T1_P296,T1,Banking Product 296 (Mid),Mid,148.72
T1_P297,T1,Banking Product 297 (Mid),Mid,70.56
T1_P298,T1,Banking Product 298 (Rare),Rare,397.28
T1_P299,T1,Banking Product 299 (Mid),Mid,242.36
T1_P300,T1,Banking Product 300 (Niche),Niche,361.89
T2_P1,T2,Insurance Product 1 (Mid),Mid,297.12
T2_P2,T2,Insurance Product 2 (Niche),Niche,135.39
T2_P3,T2,Insurance Product 3 (Popular),Popular,292.36
T2_P4,T2,Insurance Product 4 (Mid),Mid,330.25
T2_P5,T2,Insurance Product 5 (Mid),Mid,363.43
T2_P6,T2,Insurance Product 6 (Mid),Mid,367.35
T2_P7,T2,Insurance Product 7 (Rare),Rare,441.84
T2_P8,T2,Insurance Product 8 (Niche),Niche,113.34
T2_P9,T2,Insurance Product 9 (Mid),Mid,274.8
T2_P10,T2,Insurance Product 10 (Mid),Mid,470.9
T2_P11,T2,Insurance Product 11 (Popular),Popular,312.91
T2_P12,T2,Insurance Product 12 (Mid),Mid,260.29
T2_P13,T2,Insurance Product 13 (Niche),Niche,50.13
T2_P14,T2,Insurance Product 14 (Popular),Popular,399.26
T2_P15,T2,Insurance Product 15 (Niche),Niche,499.49
T2_P16,T2,Insurance Product 16 (Popular),Popular,455.51
T2_P17,T2,Insurance Product 17 (Mid),Mid,334.31
T2_P18,T2,Insurance Product 18 (Mid),Mid,230.7
T2_P19,T2,Insurance Product 19 (Niche),Niche,206.48
T2_P20,T2,Insurance Product 20 (Rare),Rare,379.88
T2_P21,T2,Insurance Product 21 (Mid),Mid,446.2
T2_P22,T2,Insurance Product 22 (Core),Core,386.2
T2_P23,T2,Insurance Product 23 (Niche),Niche,356.52
T2_P24,T2,Insurance Product 24 (Mid),Mid,407.22
T2_P25,T2,Insurance Product 25 (Popular),Popular,367.77
T2_P26,T2,Insurance Product 26 (Niche),Niche,233.06
T2_P27,T2,Insurance Product 27 (Niche),Niche,355.75
T2_P28,T2,Insurance Product 28 (Niche),Niche,343.71
T2_P29,T2,Insurance Product 29 (Niche),Niche,378.98
T2_P30,T2,Insurance Product 30 (Popular),Popular,285.6
T2_P31,T2,Insurance Product 31 (Rare),Rare,473.81
T2_P32,T2,Insurance Product 32 (Core),Core,446.31
T2_P33,T2,Insurance Product 33 (Mid),Mid,372.91
T2_P34,T2,Insurance Product 34 (Rare),Rare,300.78
T2_P35,T2,Insurance Product 35 (Mid),Mid,264.93
T2_P36,T2,Insurance Product 36 (Mid),Mid,43.77
T2_P37,T2,Insurance Product 37 (Rare),Rare,439.18
T2_P38,T2,Insurance Product 38 (Niche),Niche,88.42
T2_P39,T2,Insurance Product 39 (Niche),Niche,241.77
T2_P40,T2,Insurance Product 40 (Popular),Popular,350.4
T2_P41,T2,Insurance Product 41 (Mid),Mid,211.44
T2_P42,T2,Insurance Product 42 (Rare),Rare,426.06
T2_P43,T2,Insurance Product 43 (Mid),Mid,233.62
T2_P44,T2,Insurance Product 44 (Mid),Mid,204.95
T2_P45,T2,Insurance Product 45 (Mid),Mid,358.61
T2_P46,T2,Insurance Product 46 (Rare),Rare,114.43
T2_P47,T2,Insurance Product 47 (Niche),Niche,63.64
T2_P48,T2,Insurance Product 48 (Niche),Niche,370.69
T2_P49,T2,Insurance Product 49 (Mid),Mid,414.17
T2_P50,T2,Insurance Product 50 (Niche),Niche,402.34
T2_P51,T2,Insurance Product 51 (Rare),Rare,222.58
T2_P52,T2,Insurance Product 52 (Mid),Mid,109.3
T2_P53,T2,Insurance Product 53 (Mid),Mid,190.88
T2_P54,T2,Insurance Product 54 (Niche),Niche,280.0
T2_P55,T2,Insurance Product 55 (Niche),Niche,55.07
T2_P56,T2,Insurance Product 56 (Mid),Mid,166.2
T2_P57,T2,Insurance Product 57 (Mid),Mid,461.46
T2_P58,T2,Insurance Product 58 (Rare),Rare,424.17
T2_P59,T2,Insurance Product 59 (Core),Core,176.4
T2_P60,T2,Insurance Product 60 (Niche),Niche,148.67
T2_P61,T2,Insurance Product 61 (Popular),Popular,384.71
T2_P62,T2,Insurance Product 62 (Mid),Mid,385.96
T2_P63,T2,Insurance Product 63 (Popular),Popular,11.15
T2_P64,T2,Insurance Product 64 (Core),Core,272.33
T2_P65,T2,Insurance Product 65 (Niche),Niche,471.53
T2_P66,T2,Insurance Product 66 (Mid),Mid,256.76
T2_P67,T2,Insurance Product 67 (Niche),Niche,331.8
T2_P68,T2,Insurance Product 68 (Mid),Mid,257.14
T2_P69,T2,Insurance Product 69 (Rare),Rare,22.34
T2_P70,T2,Insurance Product 70 (Niche),Niche,304.02
T2_P71,T2,Insurance Product 71 (Mid),Mid,497.88
T2_P72,T2,Insurance Product 72 (Mid),Mid,480.07
T2_P73,T2,Insurance Product 73 (Niche),Niche,202.46
T2_P74,T2,Insurance Product 74 (Rare),Rare,158.22
T2_P75,T2,Insurance Product 75 (Niche),Niche,146.9
T2_P76,T2,Insurance Product 76 (Niche),Niche,493.7
T2_P77,T2,Insurance Product 77 (Core),Core,272.89
T2_P78,T2,Insurance Product 78 (Niche),Niche,239.36
T2_P79,T2,Insurance Product 79 (Mid),Mid,364.57
T2_P80,T2,Insurance Product 80 (Mid),Mid,182.53
T2_P81,T2,Insurance Product 81 (Popular),Popular,484.76
T2_P82,T2,Insurance Product 82 (Mid),Mid,469.38
T2_P83,T2,Insurance Product 83 (Rare),Rare,368.17
T2_P84,T2,Insurance Product 84 (Mid),Mid,374.14
T2_P85,T2,Insurance Product 85 (Niche),Niche,317.62
T2_P86,T2,Insurance Product 86 (Niche),Niche,180.25
T2_P87,T2,Insurance Product 87 (Mid),Mid,241.3
T2_P88,T2,Insurance Product 88 (Core),Core,65.79
T2_P89,T2,Insurance Product 89 (Core),Core,186.15
T2_P90,T2,Insurance Product 90 (Popular),Popular,118.01
T2_P91,T2,Insurance Product 91 (Niche),Niche,169.67
T2_P92,T2,Insurance Product 92 (Popular),Popular,434.34
T2_P93,T2,Insurance Product 93 (Mid),Mid,407.67
T2_P94,T2,Insurance Product 94 (Mid),Mid,435.02
T2_P95,T2,Insurance Product 95 (Popular),Popular,339.1
T2_P96,T2,Insurance Product 96 (Mid),Mid,214.75
T2_P97,T2,Insurance Product 97 (Niche),Niche,142.74
T2_P98,T2,Insurance Product 98 (Niche),Niche,492.57
T2_P99,T2,Insurance Product 99 (Niche),Niche,115.0
T2_P100,T2,Insurance Product 100 (Mid),Mid,499.53
T2_P101,T2,Insurance Product 101 (Popular),Popular,365.59
T2_P102,T2,Insurance Product 102 (Mid),Mid,237.1
T2_P103,T2,Insurance Product 103 (Rare),Rare,438.02
T2_P104,T2,Insurance Product 104 (Mid),Mid,408.5
T2_P105,T2,Insurance Product 105 (Niche),Niche,453.59
T2_P106,T2,Insurance Product 106 (Mid),Mid,361.84
T2_P107,T2,Insurance Product 107 (Niche),Niche,151.74
T2_P108,T2,Insurance Product 108 (Mid),Mid,251.56
T2_P109,T2,Insurance Product 109 (Niche),Niche,420.21
T2_P110,T2,Insurance Product 110 (Mid),Mid,359.77
T2_P111,T2,Insurance Product 111 (Popular),Popular,222.01
T2_P112,T2,Insurance Product 112 (Niche),Niche,213.99
T2_P113,T2,Insurance Product 113 (Niche),Niche,486.83
T2_P114,T2,Insurance Product 114 (Popular),Popular,39.06
T2_P115,T2,Insurance Product 115 (Mid),Mid,227.74
T2_P116,T2,Insurance Product 116 (Rare),Rare,313.71
T2_P117,T2,Insurance Product 117 (Mid),Mid,51.94
T2_P118,T2,Insurance Product 118 (Popular),Popular,196.24
T2_P119,T2,Insurance Product 119 (Niche),Niche,39.71
T2_P120,T2,Insurance Product 120 (Mid),Mid,269.01
T2_P121,T2,Insurance Product 121 (Mid),Mid,26.43
T2_P122,T2,Insurance Product 122 (Mid),Mid,410.4
T2_P123,T2,Insurance Product 123 (Mid),Mid,412.21
T2_P124,T2,Insurance Product 124 (Niche),Niche,469.79
T2_P125,T2,Insurance Product 125 (Niche),Niche,115.16
T2_P126,T2,Insurance Product 126 (Niche),Niche,84.41
T2_P127,T2,Insurance Product 127 (Niche),Niche,291.24
T2_P128,T2,Insurance Product 128 (Mid),Mid,193.93
T2_P129,T2,Insurance Product 129 (Niche),Niche,180.03
T2_P130,T2,Insurance Product 130 (Mid),Mid,379.11
T2_P131,T2,Insurance Product 131 (Mid),Mid,70.95
T2_P132,T2,Insurance Product 132 (Popular),Popular,383.77
T2_P133,T2,Insurance Product 133 (Core),Core,376.69
T2_P134,T2,Insurance Product 134 (Mid),Mid,285.34
T2_P135,T2,Insurance Product 135 (Popular),Popular,52.11
T2_P136,T2,Insurance Product 136 (Niche),Niche,468.59
T2_P137,T2,Insurance Product 137 (Core),Core,94.12
T2_P138,T2,Insurance Product 138 (Popular),Popular,462.03
T2_P139,T2,Insurance Product 139 (Popular),Popular,416.08
T2_P140,T2,Insurance Product 140 (Mid),Mid,61.51
T2_P141,T2,Insurance Product 141 (Rare),Rare,412.02
T2_P142,T2,Insurance Product 142 (Niche),Niche,368.0
T2_P143,T2,Insurance Product 143 (Mid),Mid,285.47
T2_P144,T2,Insurance Product 144 (Mid),Mid,435.32
T2_P145,T2,Insurance Product 145 (Mid),Mid,212.14
T2_P146,T2,Insurance Product 146 (Popular),Popular,166.36
T2_P147,T2,Insurance Product 147 (Popular),Popular,124.67
T2_P148,T2,Insurance Product 148 (Mid),Mid,443.89
T2_P149,T2,Insurance Product 149 (Mid),Mid,213.08
T2_P150,T2,Insurance Product 150 (Niche),Niche,61.7
T2_P151,T2,Insurance Product 151 (Mid),Mid,167.53
T2_P152,T2,Insurance Product 152 (Niche),Niche,224.75
T2_P153,T2,Insurance Product 153 (Popular),Popular,24.64
T2_P154,T2,Insurance Product 154 (Core),Core,194.69
T2_P155,T2,Insurance Product 155 (Niche),Niche,179.6
T2_P156,T2,Insurance Product 156 (Popular),Popular,123.54
T2_P157,T2,Insurance Product 157 (Rare),Rare,427.15
T2_P158,T2,Insurance Product 158 (Rare),Rare,490.34
T2_P159,T2,Insurance Product 159 (Rare),Rare,85.57
T2_P160,T2,Insurance Product 160 (Mid),Mid,326.8
T2_P161,T2,Insurance Product 161 (Popular),Popular,324.42
T2_P162,T2,Insurance Product 162 (Rare),Rare,286.26
T2_P163,T2,Insurance Product 163 (Mid),Mid,180.51
T2_P164,T2,Insurance Product 164 (Mid),Mid,246.72
T2_P165,T2,Insurance Product 165 (Niche),Niche,214.57
T2_P166,T2,Insurance Product 166 (Niche),Niche,481.63
T2_P167,T2,Insurance Product 167 (Popular),Popular,393.97
T2_P168,T2,Insurance Product 168 (Popular),Popular,364.2
T2_P169,T2,Insurance Product 169 (Popular),Popular,75.53
T2_P170,T2,Insurance Product 170 (Niche),Niche,368.42
T2_P171,T2,Insurance Product 171 (Rare),Rare,292.32
T2_P172,T2,Insurance Product 172 (Mid),Mid,275.22
T2_P173,T2,Insurance Product 173 (Niche),Niche,19.13
T2_P174,T2,Insurance Product 174 (Core),Core,239.82
T2_P175,T2,Insurance Product 175 (Mid),Mid,156.39
T2_P176,T2,Insurance Product 176 (Popular),Popular,27.38
T2_P177,T2,Insurance Product 177 (Niche),Niche,58.06
T2_P178,T2,Insurance Product 178 (Popular),Popular,208.49
T2_P179,T2,Insurance Product 179 (Rare),Rare,331.53
T2_P180,T2,Insurance Product 180 (Rare),Rare,409.92
T2_P181,T2,Insurance Product 181 (Mid),Mid,364.29
T2_P182,T2,Insurance Product 182 (Popular),Popular,385.25
T2_P183,T2,Insurance Product 183 (Niche),Niche,324.48
T2_P184,T2,Insurance Product 184 (Niche),Niche,161.71
T2_P185,T2,Insurance Product 185 (Rare),Rare,43.33
T2_P186,T2,Insurance Product 186 (Niche),Niche,67.59
T2_P187,T2,Insurance Product 187 (Popular),Popular,108.09
T2_P188,T2,Insurance Product 188 (Core),Core,179.72
T2_P189,T2,Insurance Product 189 (Popular),Popular,275.39
T2_P190,T2,Insurance Product 190 (Niche),Niche,283.36
T2_P191,T2,Insurance Product 191 (Niche),Niche,417.56
T2_P192,T2,Insurance Product 192 (Mid),Mid,139.24
T2_P193,T2,Insurance Product 193 (Niche),Niche,166.11
T2_P194,T2,Insurance Product 194 (Niche),Niche,225.57
T2_P195,T2,Insurance Product 195 (Niche),Niche,293.32
T2_P196,T2,Insurance Product 196 (Rare),Rare,136.92
T2_P197,T2,Insurance Product 197 (Niche),Niche,457.88
T2_P198,T2,Insurance Product 198 (Popular),Popular,150.84
T2_P199,T2,Insurance Product 199 (Core),Core,499.3
T2_P200,T2,Insurance Product 200 (Niche),Niche,425.92
T2_P201,T2,Insurance Product 201 (Popular),Popular,359.12
T2_P202,T2,Insurance Product 202 (Niche),Niche,357.71
T2_P203,T2,Insurance Product 203 (Niche),Niche,49.53
T2_P204,T2,Insurance Product 204 (Mid),Mid,227.39
T2_P205,T2,Insurance Product 205 (Mid),Mid,315.13
T2_P206,T2,Insurance Product 206 (Niche),Niche,302.33
T2_P207,T2,Insurance Product 207 (Mid),Mid,288.8
T2_P208,T2,Insurance Product 208 (Mid),Mid,184.62
T2_P209,T2,Insurance Product 209 (Popular),Popular,344.77
T2_P210,T2,Insurance Product 210 (Niche),Niche,279.85
T2_P211,T2,Insurance Product 211 (Mid),Mid,179.8
T2_P212,T2,Insurance Product 212 (Mid),Mid,384.93
T2_P213,T2,Insurance Product 213 (Mid),Mid,411.76
T2_P214,T2,Insurance Product 214 (Mid),Mid,412.85
T2_P215,T2,Insurance Product 215 (Core),Core,77.08
T2_P216,T2,Insurance Product 216 (Mid),Mid,440.95
T2_P217,T2,Insurance Product 217 (Mid),Mid,78.32
T2_P218,T2,Insurance Product 218 (Mid),Mid,308.65
T2_P219,T2,Insurance Product 219 (Popular),Popular,314.63
T2_P220,T2,Insurance Product 220 (Niche),Niche,144.81
T2_P221,T2,Insurance Product 221 (Mid),Mid,128.77
T2_P222,T2,Insurance Product 222 (Mid),Mid,218.21
T2_P223,T2,Insurance Product 223 (Niche),Niche,181.66
T2_P224,T2,Insurance Product 224 (Rare),Rare,373.38
T2_P225,T2,Insurance Product 225 (Mid),Mid,217.8
T2_P226,T2,Insurance Product 226 (Popular),Popular,260.91
T2_P227,T2,Insurance Product 227 (Niche),Niche,126.56
T2_P228,T2,Insurance Product 228 (Mid),Mid,238.46
T2_P229,T2,Insurance Product 229 (Niche),Niche,425.44
T2_P230,T2,Insurance Product 230 (Niche),Niche,215.71
T2_P231,T2,Insurance Product 231 (Popular),Popular,325.47
T2_P232,T2,Insurance Product 232 (Niche),Niche,243.04
T2_P233,T2,Insurance Product 233 (Mid),Mid,257.97
T2_P234,T2,Insurance Product 234 (Niche),Niche,61.43
T2_P235,T2,Insurance Product 235 (Mid),Mid,245.02
T2_P236,T2,Insurance Product 236 (Rare),Rare,466.15
T2_P237,T2,Insurance Product 237 (Niche),Niche,390.26
T2_P238,T2,Insurance Product 238 (Niche),Niche,459.46
T2_P239,T2,Insurance Product 239 (Niche),Niche,297.66
T2_P240,T2,Insurance Product 240 (Niche),Niche,138.61
T2_P241,T2,Insurance Product 241 (Mid),Mid,433.22
T2_P242,T2,Insurance Product 242 (Niche),Niche,60.29
T2_P243,T2,Insurance Product 243 (Mid),Mid,381.53
T2_P244,T2,Insurance Product 244 (Mid),Mid,153.16
T2_P245,T2,Insurance Product 245 (Popular),Popular,415.52
T2_P246,T2,Insurance Product 246 (Mid),Mid,422.68
T2_P247,T2,Insurance Product 247 (Niche),Niche,17.44
T2_P248,T2,Insurance Product 248 (Popular),Popular,187.51
T2_P249,T2,Insurance Product 249 (Popular),Popular,234.89
T2_P250,T2,Insurance Product 250 (Mid),Mid,469.0
T2_P251,T2,Insurance Product 251 (Niche),Niche,441.81
T2_P252,T2,Insurance Product 252 (Mid),Mid,243.24
T2_P253,T2,Insurance Product 253 (Niche),Niche,153.15
T2_P254,T2,Insurance Product 254 (Mid),Mid,477.52
T2_P255,T2,Insurance Product 255 (Core),Core,166.75
T2_P256,T2,Insurance Product 256 (Mid),Mid,102.75
T2_P257,T2,Insurance Product 257 (Core),Core,320.44
T2_P258,T2,Insurance Product 258 (Mid),Mid,244.88
T2_P259,T2,Insurance Product 259 (Popular),Popular,83.94
T2_P260,T2,Insurance Product 260 (Mid),Mid,293.78
T2_P261,T2,Insurance Product 261 (Niche),Niche,304.17
T2_P262,T2,Insurance Product 262 (Popular),Popular,455.52
T2_P263,T2,Insurance Product 263 (Mid),Mid,476.39
T2_P264,T2,Insurance Product 264 (Popular),Popular,387.36
T2_P265,T2,Insurance Product 265 (Mid),Mid,284.8
T2_P266,T2,Insurance Product 266 (Popular),Popular,162.84
T2_P267,T2,Insurance Product 267 (Niche),Niche,124.77
T2_P268,T2,Insurance Product 268 (Mid),Mid,81.16
T2_P269,T2,Insurance Product 269 (Core),Core,255.75
T2_P270,T2,Insurance Product 270 (Niche),Niche,193.58
T2_P271,T2,Insurance Product 271 (Niche),Niche,317.73
T2_P272,T2,Insurance Product 272 (Mid),Mid,338.27
T2_P273,T2,Insurance Product 273 (Niche),Niche,238.68
T2_P274,T2,Insurance Product 274 (Niche),Niche,417.5
T2_P275,T2,Insurance Product 275 (Niche),Niche,259.45
T2_P276,T2,Insurance Product 276 (Mid),Mid,168.7
T2_P277,T2,Insurance Product 277 (Mid),Mid,140.59
T2_P278,T2,Insurance Product 278 (Mid),Mid,195.69
T2_P279,T2,Insurance Product 279 (Niche),Niche,81.31
T2_P280,T2,Insurance Product 280 (Popular),Popular,151.27
T2_P281,T2,Insurance Product 281 (Niche),Niche,55.32
T2_P282,T2,Insurance Product 282 (Niche),Niche,306.17
T2_P283,T2,Insurance Product 283 (Niche),Niche,209.05
T2_P284,T2,Insurance Product 284 (Core),Core,461.16
T2_P285,T2,Insurance Product 285 (Mid),Mid,459.8
T2_P286,T2,Insurance Product 286 (Mid),Mid,230.18
T2_P287,T2,Insurance Product 287 (Mid),Mid,55.58
T2_P288,T2,Insurance Product 288 (Core),Core,142.94
T2_P289,T2,Insurance Product 289 (Rare),Rare,176.94
T2_P290,T2,Insurance Product 290 (Niche),Niche,15.4
T2_P291,T2,Insurance Product 291 (Rare),Rare,476.97
T2_P292,T2,Insurance Product 292 (Rare),Rare,30.93
T2_P293,T2,Insurance Product 293 (Popular),Popular,31.56
T2_P294,T2,Insurance Product 294 (Mid),Mid,149.45
T2_P295,T2,Insurance Product 295 (Niche),Niche,163.71
T2_P296,T2,Insurance Product 296 (Niche),Niche,403.27
T2_P297,T2,Insurance Product 297 (Mid),Mid,490.06
T2_P298,T2,Insurance Product 298 (Rare),Rare,340.18
T2_P299,T2,Insurance Product 299 (Mid),Mid,379.47
T2_P300,T2,Insurance Product 300 (Popular),Popular,441.09
T3_P1,T3,Telecom Product 1 (Core),Core,126.54
T3_P2,T3,Telecom Product 2 (Rare),Rare,178.58
T3_P3,T3,Telecom Product 3 (Niche),Niche,98.74
T3_P4,T3,Telecom Product 4 (Popular),Popular,370.42
T3_P5,T3,Telecom Product 5 (Niche),Niche,483.47
T3_P6,T3,Telecom Product 6 (Mid),Mid,164.05
T3_P7,T3,Telecom Product 7 (Niche),Niche,241.58
T3_P8,T3,Telecom Product 8 (Niche),Niche,38.2
T3_P9,T3,Telecom Product 9 (Mid),Mid,204.47
T3_P10,T3,Telecom Product 10 (Rare),Rare,475.81
T3_P11,T3,Telecom Product 11 (Popular),Popular,387.67
T3_P12,T3,Telecom Product 12 (Rare),Rare,485.53
T3_P13,T3,Telecom Product 13 (Mid),Mid,382.47
T3_P14,T3,Telecom Product 14 (Mid),Mid,405.58
T3_P15,T3,Telecom Product 15 (Niche),Niche,393.35
T3_P16,T3,Telecom Product 16 (Mid),Mid,409.56
T3_P17,T3,Telecom Product 17 (Niche),Niche,379.15
T3_P18,T3,Telecom Product 18 (Rare),Rare,417.01
T3_P19,T3,Telecom Product 19 (Core),Core,409.18
T3_P20,T3,Telecom Product 20 (Niche),Niche,75.14
T3_P21,T3,Telecom Product 21 (Mid),Mid,372.61
T3_P22,T3,Telecom Product 22 (Core),Core,225.33
T3_P23,T3,Telecom Product 23 (Mid),Mid,430.75
T3_P24,T3,Telecom Product 24 (Niche),Niche,23.34
T3_P25,T3,Telecom Product 25 (Mid),Mid,57.6
T3_P26,T3,Telecom Product 26 (Niche),Niche,211.59
T3_P27,T3,Telecom Product 27 (Mid),Mid,187.18
T3_P28,T3,Telecom Product 28 (Popular),Popular,381.06
T3_P29,T3,Telecom Product 29 (Mid),Mid,423.52
T3_P30,T3,Telecom Product 30 (Niche),Niche,57.48
T3_P31,T3,Telecom Product 31 (Niche),Niche,393.3
T3_P32,T3,Telecom Product 32 (Rare),Rare,191.44
T3_P33,T3,Telecom Product 33 (Mid),Mid,59.6
T3_P34,T3,Telecom Product 34 (Mid),Mid,260.48
T3_P35,T3,Telecom Product 35 (Mid),Mid,455.21
T3_P36,T3,Telecom Product 36 (Niche),Niche,341.47
T3_P37,T3,Telecom Product 37 (Mid),Mid,218.29
T3_P38,T3,Telecom Product 38 (Niche),Niche,102.81
T3_P39,T3,Telecom Product 39 (Popular),Popular,358.63
T3_P40,T3,Telecom Product 40 (Mid),Mid,260.17
T3_P41,T3,Telecom Product 41 (Rare),Rare,344.73
T3_P42,T3,Telecom Product 42 (Mid),Mid,436.23
T3_P43,T3,Telecom Product 43 (Popular),Popular,298.35
T3_P44,T3,Telecom Product 44 (Rare),Rare,424.74
T3_P45,T3,Telecom Product 45 (Niche),Niche,169.17
T3_P46,T3,Telecom Product 46 (Mid),Mid,89.44
T3_P47,T3,Telecom Product 47 (Niche),Niche,362.32
T3_P48,T3,Telecom Product 48 (Popular),Popular,187.2
T3_P49,T3,Telecom Product 49 (Niche),Niche,418.24
T3_P50,T3,Telecom Product 50 (Mid),Mid,268.27
T3_P51,T3,Telecom Product 51 (Niche),Niche,70.99
T3_P52,T3,Telecom Product 52 (Niche),Niche,235.0
T3_P53,T3,Telecom Product 53 (Niche),Niche,289.09
T3_P54,T3,Telecom Product 54 (Niche),Niche,277.15
T3_P55,T3,Telecom Product 55 (Niche),Niche,105.51
T3_P56,T3,Telecom Product 56 (Mid),Mid,458.15
T3_P57,T3,Telecom Product 57 (Popular),Popular,305.73
T3_P58,T3,Telecom Product 58 (Mid),Mid,139.91
T3_P59,T3,Telecom Product 59 (Mid),Mid,439.0
T3_P60,T3,Telecom Product 60 (Mid),Mid,183.74
T3_P61,T3,Telecom Product 61 (Mid),Mid,151.46
T3_P62,T3,Telecom Product 62 (Niche),Niche,22.92
T3_P63,T3,Telecom Product 63 (Mid),Mid,347.54
T3_P64,T3,Telecom Product 64 (Mid),Mid,41.41
T3_P65,T3,Telecom Product 65 (Rare),Rare,185.76
T3_P66,T3,Telecom Product 66 (Mid),Mid,89.55
T3_P67,T3,Telecom Product 67 (Popular),Popular,126.28
T3_P68,T3,Telecom Product 68 (Niche),Niche,380.0
T3_P69,T3,Telecom Product 69 (Mid),Mid,409.23
T3_P70,T3,Telecom Product 70 (Mid),Mid,404.06
T3_P71,T3,Telecom Product 71 (Mid),Mid,204.59
T3_P72,T3,Telecom Product 72 (Niche),Niche,381.78
T3_P73,T3,Telecom Product 73 (Mid),Mid,468.6
T3_P74,T3,Telecom Product 74 (Rare),Rare,316.15
T3_P75,T3,Telecom Product 75 (Mid),Mid,258.71
T3_P76,T3,Telecom Product 76 (Core),Core,415.36
T3_P77,T3,Telecom Product 77 (Popular),Popular,80.29
T3_P78,T3,Telecom Product 78 (Mid),Mid,477.78
T3_P79,T3,Telecom Product 79 (Core),Core,410.15
T3_P80,T3,Telecom Product 80 (Popular),Popular,247.88
T3_P81,T3,Telecom Product 81 (Core),Core,484.22
T3_P82,T3,Telecom Product 82 (Niche),Niche,250.66
T3_P83,T3,Telecom Product 83 (Rare),Rare,46.82
T3_P84,T3,Telecom Product 84 (Mid),Mid,236.72
T3_P85,T3,Telecom Product 85 (Rare),Rare,195.43
T3_P86,T3,Telecom Product 86 (Mid),Mid,496.04
T3_P87,T3,Telecom Product 87 (Popular),Popular,24.8
T3_P88,T3,Telecom Product 88 (Rare),Rare,125.29
T3_P89,T3,Telecom Product 89 (Popular),Popular,496.9
T3_P90,T3,Telecom Product 90 (Niche),Niche,77.69
T3_P91,T3,Telecom Product 91 (Mid),Mid,197.35
T3_P92,T3,Telecom Product 92 (Mid),Mid,73.89
T3_P93,T3,Telecom Product 93 (Mid),Mid,377.11
T3_P94,T3,Telecom Product 94 (Rare),Rare,181.71
T3_P95,T3,Telecom Product 95 (Popular),Popular,495.2
T3_P96,T3,Telecom Product 96 (Niche),Niche,160.36
T3_P97,T3,Telecom Product 97 (Mid),Mid,179.74
T3_P98,T3,Telecom Product 98 (Popular),Popular,433.92
T3_P99,T3,Telecom Product 99 (Mid),Mid,322.72
T3_P100,T3,Telecom Product 100 (Mid),Mid,24.8
T3_P101,T3,Telecom Product 101 (Mid),Mid,15.06
T3_P102,T3,Telecom Product 102 (Niche),Niche,281.78
T3_P103,T3,Telecom Product 103 (Niche),Niche,31.3
T3_P104,T3,Telecom Product 104 (Niche),Niche,484.66
T3_P105,T3,Telecom Product 105 (Niche),Niche,300.07
T3_P106,T3,Telecom Product 106 (Core),Core,409.17
T3_P107,T3,Telecom Product 107 (Niche),Niche,234.75
T3_P108,T3,Telecom Product 108 (Popular),Popular,151.25
T3_P109,T3,Telecom Product 109 (Mid),Mid,184.36
T3_P110,T3,Telecom Product 110 (Popular),Popular,396.01
T3_P111,T3,Telecom Product 111 (Niche),Niche,321.25
T3_P112,T3,Telecom Product 112 (Mid),Mid,80.27
T3_P113,T3,Telecom Product 113 (Niche),Niche,442.46
T3_P114,T3,Telecom Product 114 (Mid),Mid,289.35
T3_P115,T3,Telecom Product 115 (Rare),Rare,36.85
T3_P116,T3,Telecom Product 116 (Niche),Niche,347.76
T3_P117,T3,Telecom Product 117 (Niche),Niche,136.86
T3_P118,T3,Telecom Product 118 (Mid),Mid,281.86
T3_P119,T3,Telecom Product 119 (Popular),Popular,439.43
T3_P120,T3,Telecom Product 120 (Niche),Niche,265.98
T3_P121,T3,Telecom Product 121 (Mid),Mid,151.22
T3_P122,T3,Telecom Product 122 (Mid),Mid,426.22
T3_P123,T3,Telecom Product 123 (Popular),Popular,162.44
T3_P124,T3,Telecom Product 124 (Niche),Niche,354.26
T3_P125,T3,Telecom Product 125 (Mid),Mid,300.42
T3_P126,T3,Telecom Product 126 (Mid),Mid,88.86
T3_P127,T3,Telecom Product 127 (Niche),Niche,284.86
T3_P128,T3,Telecom Product 128 (Popular),Popular,93.92
T3_P129,T3,Telecom Product 129 (Niche),Niche,337.6
T3_P130,T3,Telecom Product 130 (Niche),Niche,183.77
T3_P131,T3,Telecom Product 131 (Niche),Niche,282.4
T3_P132,T3,Telecom Product 132 (Niche),Niche,493.37
T3_P133,T3,Telecom Product 133 (Rare),Rare,72.79
T3_P134,T3,Telecom Product 134 (Popular),Popular,190.13
T3_P135,T3,Telecom Product 135 (Niche),Niche,266.39
T3_P136,T3,Telecom Product 136 (Mid),Mid,191.37
T3_P137,T3,Telecom Product 137 (Niche),Niche,471.21
T3_P138,T3,Telecom Product 138 (Mid),Mid,385.87
T3_P139,T3,Telecom Product 139 (Mid),Mid,186.86
T3_P140,T3,Telecom Product 140 (Niche),Niche,51.06
T3_P141,T3,Telecom Product 141 (Mid),Mid,88.89
T3_P142,T3,Telecom Product 142 (Popular),Popular,137.51
T3_P143,T3,Telecom Product 143 (Rare),Rare,288.77
T3_P144,T3,Telecom Product 144 (Popular),Popular,303.87
T3_P145,T3,Telecom Product 145 (Niche),Niche,32.21
T3_P146,T3,Telecom Product 146 (Niche),Niche,153.75
T3_P147,T3,Telecom Product 147 (Rare),Rare,172.57
T3_P148,T3,Telecom Product 148 (Mid),Mid,195.76
T3_P149,T3,Telecom Product 149 (Niche),Niche,475.51
T3_P150,T3,Telecom Product 150 (Core),Core,187.34
T3_P151,T3,Telecom Product 151 (Niche),Niche,365.38
T3_P152,T3,Telecom Product 152 (Niche),Niche,368.24
T3_P153,T3,Telecom Product 153 (Niche),Niche,346.61
T3_P154,T3,Telecom Product 154 (Niche),Niche,265.99
T3_P155,T3,Telecom Product 155 (Niche),Niche,165.49
T3_P156,T3,Telecom Product 156 (Niche),Niche,362.49
T3_P157,T3,Telecom Product 157 (Mid),Mid,294.14
T3_P158,T3,Telecom Product 158 (Rare),Rare,141.43
T3_P159,T3,Telecom Product 159 (Niche),Niche,87.12
T3_P160,T3,Telecom Product 160 (Mid),Mid,313.46
T3_P161,T3,Telecom Product 161 (Mid),Mid,181.22
T3_P162,T3,Telecom Product 162 (Mid),Mid,39.25
T3_P163,T3,Telecom Product 163 (Popular),Popular,407.05
T3_P164,T3,Telecom Product 164 (Mid),Mid,167.65
T3_P165,T3,Telecom Product 165 (Popular),Popular,308.69
T3_P166,T3,Telecom Product 166 (Mid),Mid,241.56
T3_P167,T3,Telecom Product 167 (Niche),Niche,135.67
T3_P168,T3,Telecom Product 168 (Mid),Mid,167.1
T3_P169,T3,Telecom Product 169 (Niche),Niche,183.39
T3_P170,T3,Telecom Product 170 (Mid),Mid,136.33
T3_P171,T3,Telecom Product 171 (Mid),Mid,295.48
T3_P172,T3,Telecom Product 172 (Core),Core,51.3
T3_P173,T3,Telecom Product 173 (Mid),Mid,231.63
T3_P174,T3,Telecom Product 174 (Mid),Mid,173.63
T3_P175,T3,Telecom Product 175 (Niche),Niche,243.63
T3_P176,T3,Telecom Product 176 (Mid),Mid,475.32
T3_P177,T3,Telecom Product 177 (Niche),Niche,165.61
T3_P178,T3,Telecom Product 178 (Rare),Rare,438.03
T3_P179,T3,Telecom Product 179 (Niche),Niche,16.06
T3_P180,T3,Telecom Product 180 (Popular),Popular,267.13
T3_P181,T3,Telecom Product 181 (Rare),Rare,447.92
T3_P182,T3,Telecom Product 182 (Niche),Niche,113.33
T3_P183,T3,Telecom Product 183 (Niche),Niche,152.95
T3_P184,T3,Telecom Product 184 (Rare),Rare,390.72
T3_P185,T3,Telecom Product 185 (Core),Core,264.11
T3_P186,T3,Telecom Product 186 (Mid),Mid,457.34
T3_P187,T3,Telecom Product 187 (Niche),Niche,417.84
T3_P188,T3,Telecom Product 188 (Mid),Mid,335.49
T3_P189,T3,Telecom Product 189 (Niche),Niche,325.24
T3_P190,T3,Telecom Product 190 (Mid),Mid,134.79
T3_P191,T3,Telecom Product 191 (Mid),Mid,218.09
T3_P192,T3,Telecom Product 192 (Popular),Popular,287.96
T3_P193,T3,Telecom Product 193 (Mid),Mid,197.65
T3_P194,T3,Telecom Product 194 (Niche),Niche,114.55
T3_P195,T3,Telecom Product 195 (Niche),Niche,344.32
T3_P196,T3,Telecom Product 196 (Niche),Niche,14.15
T3_P197,T3,Telecom Product 197 (Mid),Mid,465.28
T3_P198,T3,Telecom Product 198 (Niche),Niche,412.45
T3_P199,T3,Telecom Product 199 (Popular),Popular,445.38
T3_P200,T3,Telecom Product 200 (Niche),Niche,50.34
T3_P201,T3,Telecom Product 201 (Rare),Rare,212.44
T3_P202,T3,Telecom Product 202 (Popular),Popular,217.09
T3_P203,T3,Telecom Product 203 (Niche),Niche,82.18
T3_P204,T3,Telecom Product 204 (Popular),Popular,162.28
T3_P205,T3,Telecom Product 205 (Rare),Rare,444.45
T3_P206,T3,Telecom Product 206 (Mid),Mid,391.09
T3_P207,T3,Telecom Product 207 (Niche),Niche,469.68
T3_P208,T3,Telecom Product 208 (Niche),Niche,303.28
T3_P209,T3,Telecom Product 209 (Mid),Mid,158.48
T3_P210,T3,Telecom Product 210 (Mid),Mid,120.42
T3_P211,T3,Telecom Product 211 (Mid),Mid,242.23
T3_P212,T3,Telecom Product 212 (Popular),Popular,331.3
T3_P213,T3,Telecom Product 213 (Popular),Popular,228.61
T3_P214,T3,Telecom Product 214 (Rare),Rare,315.08
T3_P215,T3,Telecom Product 215 (Popular),Popular,276.65
T3_P216,T3,Telecom Product 216 (Popular),Popular,146.72
T3_P217,T3,Telecom Product 217 (Mid),Mid,414.87
T3_P218,T3,Telecom Product 218 (Mid),Mid,115.46
T3_P219,T3,Telecom Product 219 (Niche),Niche,258.8
T3_P220,T3,Telecom Product 220 (Niche),Niche,151.57
T3_P221,T3,Telecom Product 221 (Popular),Popular,86.48
T3_P222,T3,Telecom Product 222 (Mid),Mid,219.62
T3_P223,T3,Telecom Product 223 (Rare),Rare,19.1
T3_P224,T3,Telecom Product 224 (Mid),Mid,168.01
T3_P225,T3,Telecom Product 225 (Mid),Mid,387.96
T3_P226,T3,Telecom Product 226 (Mid),Mid,258.36
T3_P227,T3,Telecom Product 227 (Popular),Popular,292.18
T3_P228,T3,Telecom Product 228 (Rare),Rare,98.38
T3_P229,T3,Telecom Product 229 (Mid),Mid,82.05
T3_P230,T3,Telecom Product 230 (Mid),Mid,375.91
T3_P231,T3,Telecom Product 231 (Niche),Niche,489.71
T3_P232,T3,Telecom Product 232 (Niche),Niche,136.95
T3_P233,T3,Telecom Product 233 (Mid),Mid,20.32
T3_P234,T3,Telecom Product 234 (Mid),Mid,69.29
T3_P235,T3,Telecom Product 235 (Mid),Mid,147.6
T3_P236,T3,Telecom Product 236 (Mid),Mid,416.5
T3_P237,T3,Telecom Product 237 (Niche),Niche,21.1
T3_P238,T3,Telecom Product 238 (Popular),Popular,323.79
T3_P239,T3,Telecom Product 239 (Mid),Mid,126.4
T3_P240,T3,Telecom Product 240 (Niche),Niche,466.74
T3_P241,T3,Telecom Product 241 (Mid),Mid,199.68
T3_P242,T3,Telecom Product 242 (Core),Core,443.68
T3_P243,T3,Telecom Product 243 (Core),Core,275.97
T3_P244,T3,Telecom Product 244 (Rare),Rare,23.72
T3_P245,T3,Telecom Product 245 (Niche),Niche,291.38
T3_P246,T3,Telecom Product 246 (Niche),Niche,391.97
T3_P247,T3,Telecom Product 247 (Mid),Mid,154.79
T3_P248,T3,Telecom Product 248 (Mid),Mid,149.14
T3_P249,T3,Telecom Product 249 (Popular),Popular,236.12
T3_P250,T3,Telecom Product 250 (Mid),Mid,49.06
T3_P251,T3,Telecom Product 251 (Popular),Popular,444.11
T3_P252,T3,Telecom Product 252 (Rare),Rare,491.06
T3_P253,T3,Telecom Product 253 (Mid),Mid,167.24
T3_P254,T3,Telecom Product 254 (Niche),Niche,257.01
T3_P255,T3,Telecom Product 255 (Core),Core,223.91
T3_P256,T3,Telecom Product 256 (Rare),Rare,178.55
T3_P257,T3,Telecom Product 257 (Niche),Niche,486.9
T3_P258,T3,Telecom Product 258 (Rare),Rare,390.02
T3_P259,T3,Telecom Product 259 (Mid),Mid,88.77
T3_P260,T3,Telecom Product 260 (Mid),Mid,231.36
T3_P261,T3,Telecom Product 261 (Mid),Mid,329.29
T3_P262,T3,Telecom Product 262 (Niche),Niche,221.22
T3_P263,T3,Telecom Product 263 (Mid),Mid,246.64
T3_P264,T3,Telecom Product 264 (Niche),Niche,180.03
T3_P265,T3,Telecom Product 265 (Mid),Mid,369.12
T3_P266,T3,Telecom Product 266 (Popular),Popular,293.33
T3_P267,T3,Telecom Product 267 (Niche),Niche,129.77
T3_P268,T3,Telecom Product 268 (Mid),Mid,354.46
T3_P269,T3,Telecom Product 269 (Mid),Mid,347.39
T3_P270,T3,Telecom Product 270 (Mid),Mid,106.19
T3_P271,T3,Telecom Product 271 (Mid),Mid,345.62
T3_P272,T3,Telecom Product 272 (Niche),Niche,68.43
T3_P273,T3,Telecom Product 273 (Popular),Popular,481.25
T3_P274,T3,Telecom Product 274 (Niche),Niche,433.44
T3_P275,T3,Telecom Product 275 (Mid),Mid,72.57
T3_P276,T3,Telecom Product 276 (Niche),Niche,214.61
T3_P277,T3,Telecom Product 277 (Niche),Niche,326.61
T3_P278,T3,Telecom Product 278 (Mid),Mid,68.19
T3_P279,T3,Telecom Product 279 (Mid),Mid,389.55
T3_P280,T3,Telecom Product 280 (Mid),Mid,162.52
T3_P281,T3,Telecom Product 281 (Niche),Niche,431.97
T3_P282,T3,Telecom Product 282 (Mid),Mid,122.95
T3_P283,T3,Telecom Product 283 (Mid),Mid,263.08
T3_P284,T3,Telecom Product 284 (Niche),Niche,288.82
T3_P285,T3,Telecom Product 285 (Popular),Popular,380.65
T3_P286,T3,Telecom Product 286 (Mid),Mid,122.2
T3_P287,T3,Telecom Product 287 (Mid),Mid,98.74
T3_P288,T3,Telecom Product 288 (Niche),Niche,243.31
T3_P289,T3,Telecom Product 289 (Popular),Popular,111.37
T3_P290,T3,Telecom Product 290 (Popular),Popular,367.81
T3_P291,T3,Telecom Product 291 (Niche),Niche,291.29
T3_P292,T3,Telecom Product 292 (Niche),Niche,380.96
T3_P293,T3,Telecom Product 293 (Mid),Mid,354.93
T3_P294,T3,Telecom Product 294 (Mid),Mid,190.23
T3_P295,T3,Telecom Product 295 (Niche),Niche,451.92
T3_P296,T3,Telecom Product 296 (Niche),Niche,486.66
T3_P297,T3,Telecom Product 297 (Rare),Rare,445.56
T3_P298,T3,Telecom Product 298 (Popular),Popular,479.44
T3_P299,T3,Telecom Product 299 (Niche),Niche,167.15
T3_P300,T3,Telecom Product 300 (Mid),Mid,294.98
T4_P1,T4,Retail Product 1 (Niche),Niche,300.08
T4_P2,T4,Retail Product 2 (Mid),Mid,192.13
T4_P3,T4,Retail Product 3 (Niche),Niche,445.44
T4_P4,T4,Retail Product 4 (Rare),Rare,468.03
T4_P5,T4,Retail Product 5 (Rare),Rare,61.61
T4_P6,T4,Retail Product 6 (Popular),Popular,397.56
T4_P7,T4,Retail Product 7 (Mid),Mid,478.38
T4_P8,T4,Retail Product 8 (Niche),Niche,280.55
T4_P9,T4,Retail Product 9 (Popular),Popular,422.79
T4_P10,T4,Retail Product 10 (Mid),Mid,435.47
T4_P11,T4,Retail Product 11 (Core),Core,142.74
T4_P12,T4,Retail Product 12 (Mid),Mid,338.88
T4_P13,T4,Retail Product 13 (Mid),Mid,153.06
T4_P14,T4,Retail Product 14 (Niche),Niche,12.57
T4_P15,T4,Retail Product 15 (Rare),Rare,303.77
T4_P16,T4,Retail Product 16 (Niche),Niche,228.87
T4_P17,T4,Retail Product 17 (Mid),Mid,150.82
T4_P18,T4,Retail Product 18 (Niche),Niche,21.49
T4_P19,T4,Retail Product 19 (Mid),Mid,115.36
T4_P20,T4,Retail Product 20 (Mid),Mid,478.83
T4_P21,T4,Retail Product 21 (Niche),Niche,484.82
T4_P22,T4,Retail Product 22 (Rare),Rare,205.13
T4_P23,T4,Retail Product 23 (Rare),Rare,253.54
T4_P24,T4,Retail Product 24 (Rare),Rare,180.13
T4_P25,T4,Retail Product 25 (Niche),Niche,428.91
T4_P26,T4,Retail Product 26 (Mid),Mid,216.61
T4_P27,T4,Retail Product 27 (Mid),Mid,198.14
T4_P28,T4,Retail Product 28 (Niche),Niche,364.17
T4_P29,T4,Retail Product 29 (Niche),Niche,367.24
T4_P30,T4,Retail Product 30 (Popular),Popular,328.31
T4_P31,T4,Retail Product 31 (Core),Core,429.11
T4_P32,T4,Retail Product 32 (Mid),Mid,72.46
T4_P33,T4,Retail Product 33 (Popular),Popular,342.91
T4_P34,T4,Retail Product 34 (Mid),Mid,474.17
T4_P35,T4,Retail Product 35 (Popular),Popular,76.44
T4_P36,T4,Retail Product 36 (Niche),Niche,218.62
T4_P37,T4,Retail Product 37 (Mid),Mid,234.86
T4_P38,T4,Retail Product 38 (Mid),Mid,451.78
T4_P39,T4,Retail Product 39 (Mid),Mid,275.08
T4_P40,T4,Retail Product 40 (Niche),Niche,323.58
T4_P41,T4,Retail Product 41 (Popular),Popular,499.01
T4_P42,T4,Retail Product 42 (Popular),Popular,113.47
T4_P43,T4,Retail Product 43 (Rare),Rare,71.04
T4_P44,T4,Retail Product 44 (Mid),Mid,216.12
T4_P45,T4,Retail Product 45 (Niche),Niche,360.21
T4_P46,T4,Retail Product 46 (Popular),Popular,401.36
T4_P47,T4,Retail Product 47 (Niche),Niche,45.54
T4_P48,T4,Retail Product 48 (Niche),Niche,324.72
T4_P49,T4,Retail Product 49 (Mid),Mid,81.24
T4_P50,T4,Retail Product 50 (Mid),Mid,450.74
T4_P51,T4,Retail Product 51 (Niche),Niche,388.32
T4_P52,T4,Retail Product 52 (Rare),Rare,427.05
T4_P53,T4,Retail Product 53 (Core),Core,202.69
T4_P54,T4,Retail Product 54 (Rare),Rare,218.88
T4_P55,T4,Retail Product 55 (Mid),Mid,186.14
T4_P56,T4,Retail Product 56 (Mid),Mid,328.25
T4_P57,T4,Retail Product 57 (Popular),Popular,311.71
T4_P58,T4,Retail Product 58 (Mid),Mid,350.08
T4_P59,T4,Retail Product 59 (Rare),Rare,71.05
T4_P60,T4,Retail Product 60 (Mid),Mid,309.15
T4_P61,T4,Retail Product 61 (Rare),Rare,457.7
T4_P62,T4,Retail Product 62 (Niche),Niche,219.48
T4_P63,T4,Retail Product 63 (Mid),Mid,313.77
T4_P64,T4,Retail Product 64 (Core),Core,348.39
T4_P65,T4,Retail Product 65 (Popular),Popular,97.35
T4_P66,T4,Retail Product 66 (Mid),Mid,21.3
T4_P67,T4,Retail Product 67 (Niche),Niche,214.32
T4_P68,T4,Retail Product 68 (Mid),Mid,23.53
T4_P69,T4,Retail Product 69 (Mid),Mid,392.39
T4_P70,T4,Retail Product 70 (Mid),Mid,14.08
T4_P71,T4,Retail Product 71 (Popular),Popular,175.87
T4_P72,T4,Retail Product 72 (Mid),Mid,330.41
T4_P73,T4,Retail Product 73 (Core),Core,66.46
T4_P74,T4,Retail Product 74 (Mid),Mid,184.44
T4_P75,T4,Retail Product 75 (Popular),Popular,423.38
T4_P76,T4,Retail Product 76 (Mid),Mid,247.9
T4_P77,T4,Retail Product 77 (Popular),Popular,179.01
T4_P78,T4,Retail Product 78 (Mid),Mid,247.68
T4_P79,T4,Retail Product 79 (Mid),Mid,241.92
T4_P80,T4,Retail Product 80 (Rare),Rare,482.2
T4_P81,T4,Retail Product 81 (Core),Core,31.87
T4_P82,T4,Retail Product 82 (Mid),Mid,91.93
T4_P83,T4,Retail Product 83 (Mid),Mid,490.29
T4_P84,T4,Retail Product 84 (Mid),Mid,84.56
T4_P85,T4,Retail Product 85 (Niche),Niche,293.59
T4_P86,T4,Retail Product 86 (Mid),Mid,234.12
T4_P87,T4,Retail Product 87 (Popular),Popular,238.47
T4_P88,T4,Retail Product 88 (Core),Core,347.55
T4_P89,T4,Retail Product 89 (Niche),Niche,56.7
T4_P90,T4,Retail Product 90 (Niche),Niche,296.07
T4_P91,T4,Retail Product 91 (Mid),Mid,324.81
T4_P92,T4,Retail Product 92 (Mid),Mid,365.58
T4_P93,T4,Retail Product 93 (Mid),Mid,157.83
T4_P94,T4,Retail Product 94 (Mid),Mid,460.59
T4_P95,T4,Retail Product 95 (Mid),Mid,95.31
T4_P96,T4,Retail Product 96 (Mid),Mid,39.47
T4_P97,T4,Retail Product 97 (Mid),Mid,328.05
T4_P98,T4,Retail Product 98 (Mid),Mid,295.94
T4_P99,T4,Retail Product 99 (Mid),Mid,225.93
T4_P100,T4,Retail Product 100 (Rare),Rare,11.07
T4_P101,T4,Retail Product 101 (Mid),Mid,378.73
T4_P102,T4,Retail Product 102 (Mid),Mid,392.35
T4_P103,T4,Retail Product 103 (Niche),Niche,481.46
T4_P104,T4,Retail Product 104 (Mid),Mid,443.95
T4_P105,T4,Retail Product 105 (Mid),Mid,366.6
T4_P106,T4,Retail Product 106 (Niche),Niche,444.68
T4_P107,T4,Retail Product 107 (Niche),Niche,373.14
T4_P108,T4,Retail Product 108 (Niche),Niche,115.02
T4_P109,T4,Retail Product 109 (Core),Core,194.46
T4_P110,T4,Retail Product 110 (Mid),Mid,136.68
T4_P111,T4,Retail Product 111 (Mid),Mid,384.21
T4_P112,T4,Retail Product 112 (Niche),Niche,432.28
T4_P113,T4,Retail Product 113 (Niche),Niche,143.93
T4_P114,T4,Retail Product 114 (Mid),Mid,259.23
T4_P115,T4,Retail Product 115 (Rare),Rare,349.16
T4_P116,T4,Retail Product 116 (Rare),Rare,335.48
T4_P117,T4,Retail Product 117 (Mid),Mid,351.57
T4_P118,T4,Retail Product 118 (Niche),Niche,351.65
T4_P119,T4,Retail Product 119 (Mid),Mid,50.23
T4_P120,T4,Retail Product 120 (Niche),Niche,302.08
T4_P121,T4,Retail Product 121 (Mid),Mid,477.39
T4_P122,T4,Retail Product 122 (Core),Core,307.07
T4_P123,T4,Retail Product 123 (Niche),Niche,398.15
T4_P124,T4,Retail Product 124 (Mid),Mid,433.81
T4_P125,T4,Retail Product 125 (Popular),Popular,240.43
T4_P126,T4,Retail Product 126 (Niche),Niche,75.31
T4_P127,T4,Retail Product 127 (Mid),Mid,495.71
T4_P128,T4,Retail Product 128 (Core),Core,205.11
T4_P129,T4,Retail Product 129 (Mid),Mid,415.71
T4_P130,T4,Retail Product 130 (Niche),Niche,252.65
T4_P131,T4,Retail Product 131 (Niche),Niche,335.6
T4_P132,T4,Retail Product 132 (Popular),Popular,216.25
T4_P133,T4,Retail Product 133 (Niche),Niche,340.83
T4_P134,T4,Retail Product 134 (Mid),Mid,392.33
T4_P135,T4,Retail Product 135 (Mid),Mid,366.85
T4_P136,T4,Retail Product 136 (Mid),Mid,70.09
T4_P137,T4,Retail Product 137 (Niche),Niche,65.7
T4_P138,T4,Retail Product 138 (Niche),Niche,208.57
T4_P139,T4,Retail Product 139 (Niche),Niche,82.42
T4_P140,T4,Retail Product 140 (Mid),Mid,45.63
T4_P141,T4,Retail Product 141 (Popular),Popular,323.75
T4_P142,T4,Retail Product 142 (Niche),Niche,46.89
T4_P143,T4,Retail Product 143 (Niche),Niche,307.82
T4_P144,T4,Retail Product 144 (Rare),Rare,496.57
T4_P145,T4,Retail Product 145 (Niche),Niche,384.89
T4_P146,T4,Retail Product 146 (Popular),Popular,61.0
T4_P147,T4,Retail Product 147 (Mid),Mid,105.89
T4_P148,T4,Retail Product 148 (Niche),Niche,73.44
T4_P149,T4,Retail Product 149 (Niche),Niche,157.28
T4_P150,T4,Retail Product 150 (Mid),Mid,104.07
T4_P151,T4,Retail Product 151 (Mid),Mid,27.81
T4_P152,T4,Retail Product 152 (Mid),Mid,278.8
T4_P153,T4,Retail Product 153 (Mid),Mid,31.95
T4_P154,T4,Retail Product 154 (Popular),Popular,129.31
T4_P155,T4,Retail Product 155 (Niche),Niche,363.25
T4_P156,T4,Retail Product 156 (Mid),Mid,326.29
T4_P157,T4,Retail Product 157 (Core),Core,454.87
T4_P158,T4,Retail Product 158 (Niche),Niche,134.35
T4_P159,T4,Retail Product 159 (Mid),Mid,268.47
T4_P160,T4,Retail Product 160 (Popular),Popular,340.68
T4_P161,T4,Retail Product 161 (Mid),Mid,150.55
T4_P162,T4,Retail Product 162 (Rare),Rare,356.69
T4_P163,T4,Retail Product 163 (Niche),Niche,495.11
T4_P164,T4,Retail Product 164 (Mid),Mid,319.14
T4_P165,T4,Retail Product 165 (Niche),Niche,76.55
T4_P166,T4,Retail Product 166 (Core),Core,325.43
T4_P167,T4,Retail Product 167 (Mid),Mid,422.09
T4_P168,T4,Retail Product 168 (Niche),Niche,464.8
T4_P169,T4,Retail Product 169 (Popular),Popular,466.28
T4_P170,T4,Retail Product 170 (Mid),Mid,188.8
T4_P171,T4,Retail Product 171 (Mid),Mid,472.21
T4_P172,T4,Retail Product 172 (Mid),Mid,282.07
T4_P173,T4,Retail Product 173 (Niche),Niche,61.65
T4_P174,T4,Retail Product 174 (Core),Core,87.16
T4_P175,T4,Retail Product 175 (Popular),Popular,462.28
T4_P176,T4,Retail Product 176 (Niche),Niche,255.6
T4_P177,T4,Retail Product 177 (Mid),Mid,441.27
T4_P178,T4,Retail Product 178 (Mid),Mid,342.76
T4_P179,T4,Retail Product 179 (Popular),Popular,207.84
T4_P180,T4,Retail Product 180 (Niche),Niche,234.69
T4_P181,T4,Retail Product 181 (Core),Core,223.24
T4_P182,T4,Retail Product 182 (Niche),Niche,237.62
T4_P183,T4,Retail Product 183 (Popular),Popular,460.44
T4_P184,T4,Retail Product 184 (Mid),Mid,112.47
T4_P185,T4,Retail Product 185 (Rare),Rare,98.9
T4_P186,T4,Retail Product 186 (Mid),Mid,285.81
T4_P187,T4,Retail Product 187 (Mid),Mid,266.62
T4_P188,T4,Retail Product 188 (Mid),Mid,182.64
T4_P189,T4,Retail Product 189 (Mid),Mid,175.46
T4_P190,T4,Retail Product 190 (Niche),Niche,413.63
T4_P191,T4,Retail Product 191 (Core),Core,306.05
T4_P192,T4,Retail Product 192 (Niche),Niche,218.96
T4_P193,T4,Retail Product 193 (Rare),Rare,390.89
T4_P194,T4,Retail Product 194 (Niche),Niche,148.41
T4_P195,T4,Retail Product 195 (Niche),Niche,25.56
T4_P196,T4,Retail Product 196 (Niche),Niche,477.29
T4_P197,T4,Retail Product 197 (Mid),Mid,357.77
T4_P198,T4,Retail Product 198 (Rare),Rare,44.01
T4_P199,T4,Retail Product 199 (Mid),Mid,249.76
T4_P200,T4,Retail Product 200 (Niche),Niche,102.08
T4_P201,T4,Retail Product 201 (Mid),Mid,86.53
T4_P202,T4,Retail Product 202 (Mid),Mid,203.89
T4_P203,T4,Retail Product 203 (Mid),Mid,197.72
T4_P204,T4,Retail Product 204 (Mid),Mid,316.45
T4_P205,T4,Retail Product 205 (Mid),Mid,93.34
T4_P206,T4,Retail Product 206 (Niche),Niche,113.11
T4_P207,T4,Retail Product 207 (Niche),Niche,437.36
T4_P208,T4,Retail Product 208 (Rare),Rare,103.61
T4_P209,T4,Retail Product 209 (Popular),Popular,468.54
T4_P210,T4,Retail Product 210 (Mid),Mid,217.32
T4_P211,T4,Retail Product 211 (Niche),Niche,13.86
T4_P212,T4,Retail Product 212 (Mid),Mid,453.41
T4_P213,T4,Retail Product 213 (Mid),Mid,131.43
T4_P214,T4,Retail Product 214 (Mid),Mid,91.77
T4_P215,T4,Retail Product 215 (Niche),Niche,134.16
T4_P216,T4,Retail Product 216 (Niche),Niche,155.95
T4_P217,T4,Retail Product 217 (Mid),Mid,476.32
T4_P218,T4,Retail Product 218 (Niche),Niche,447.27
T4_P219,T4,Retail Product 219 (Niche),Niche,296.51
T4_P220,T4,Retail Product 220 (Popular),Popular,266.56
T4_P221,T4,Retail Product 221 (Mid),Mid,264.97
T4_P222,T4,Retail Product 222 (Rare),Rare,71.67
T4_P223,T4,Retail Product 223 (Popular),Popular,187.4
T4_P224,T4,Retail Product 224 (Mid),Mid,162.44
T4_P225,T4,Retail Product 225 (Rare),Rare,468.3
T4_P226,T4,Retail Product 226 (Mid),Mid,119.7
T4_P227,T4,Retail Product 227 (Popular),Popular,127.08
T4_P228,T4,Retail Product 228 (Niche),Niche,487.27
T4_P229,T4,Retail Product 229 (Mid),Mid,323.09
T4_P230,T4,Retail Product 230 (Niche),Niche,354.41
T4_P231,T4,Retail Product 231 (Core),Core,178.95
T4_P232,T4,Retail Product 232 (Niche),Niche,430.93
T4_P233,T4,Retail Product 233 (Mid),Mid,68.77
T4_P234,T4,Retail Product 234 (Mid),Mid,299.48
T4_P235,T4,Retail Product 235 (Niche),Niche,74.42
T4_P236,T4,Retail Product 236 (Mid),Mid,87.0
T4_P237,T4,Retail Product 237 (Niche),Niche,362.21
T4_P238,T4,Retail Product 238 (Popular),Popular,173.95
T4_P239,T4,Retail Product 239 (Mid),Mid,176.67
T4_P240,T4,Retail Product 240 (Mid),Mid,394.84
T4_P241,T4,Retail Product 241 (Popular),Popular,174.29
T4_P242,T4,Retail Product 242 (Popular),Popular,449.54
T4_P243,T4,Retail Product 243 (Mid),Mid,418.08
T4_P244,T4,Retail Product 244 (Mid),Mid,80.77
T4_P245,T4,Retail Product 245 (Popular),Popular,23.6
T4_P246,T4,Retail Product 246 (Mid),Mid,303.75
T4_P247,T4,Retail Product 247 (Mid),Mid,427.72
T4_P248,T4,Retail Product 248 (Popular),Popular,301.04
T4_P249,T4,Retail Product 249 (Rare),Rare,207.82
T4_P250,T4,Retail Product 250 (Mid),Mid,414.48
T4_P251,T4,Retail Product 251 (Popular),Popular,195.76
T4_P252,T4,Retail Product 252 (Mid),Mid,433.87
T4_P253,T4,Retail Product 253 (Niche),Niche,147.05
T4_P254,T4,Retail Product 254 (Popular),Popular,404.83
T4_P255,T4,Retail Product 255 (Core),Core,321.58
T4_P256,T4,Retail Product 256 (Niche),Niche,320.73
T4_P257,T4,Retail Product 257 (Mid),Mid,133.32
T4_P258,T4,Retail Product 258 (Mid),Mid,447.3
T4_P259,T4,Retail Product 259 (Niche),Niche,139.19
T4_P260,T4,Retail Product 260 (Rare),Rare,229.39
T4_P261,T4,Retail Product 261 (Niche),Niche,220.61
T4_P262,T4,Retail Product 262 (Mid),Mid,236.46
T4_P263,T4,Retail Product 263 (Mid),Mid,395.58
T4_P264,T4,Retail Product 264 (Popular),Popular,258.0
T4_P265,T4,Retail Product 265 (Mid),Mid,477.58
T4_P266,T4,Retail Product 266 (Mid),Mid,426.95
T4_P267,T4,Retail Product 267 (Niche),Niche,486.85
T4_P268,T4,Retail Product 268 (Mid),Mid,50.24
T4_P269,T4,Retail Product 269 (Mid),Mid,228.0
T4_P270,T4,Retail Product 270 (Niche),Niche,37.28
T4_P271,T4,Retail Product 271 (Niche),Niche,118.39
T4_P272,T4,Retail Product 272 (Niche),Niche,140.17
T4_P273,T4,Retail Product 273 (Mid),Mid,195.32
T4_P274,T4,Retail Product 274 (Niche),Niche,32.71
T4_P275,T4,Retail Product 275 (Niche),Niche,400.75
T4_P276,T4,Retail Product 276 (Niche),Niche,423.72
T4_P277,T4,Retail Product 277 (Mid),Mid,232.18
T4_P278,T4,Retail Product 278 (Mid),Mid,152.07
T4_P279,T4,Retail Product 279 (Mid),Mid,368.13
T4_P280,T4,Retail Product 280 (Niche),Niche,388.23
T4_P281,T4,Retail Product 281 (Rare),Rare,465.23
T4_P282,T4,Retail Product 282 (Mid),Mid,297.61
T4_P283,T4,Retail Product 283 (Niche),Niche,217.14
T4_P284,T4,Retail Product 284 (Niche),Niche,238.72
T4_P285,T4,Retail Product 285 (Niche),Niche,172.18
T4_P286,T4,Retail Product 286 (Popular),Popular,159.97
T4_P287,T4,Retail Product 287 (Mid),Mid,457.26
T4_P288,T4,Retail Product 288 (Niche),Niche,18.3
T4_P289,T4,Retail Product 289 (Niche),Niche,465.54
T4_P290,T4,Retail Product 290 (Niche),Niche,22.8
T4_P291,T4,Retail Product 291 (Niche),Niche,351.3
T4_P292,T4,Retail Product 292 (Mid),Mid,395.74
T4_P293,T4,Retail Product 293 (Mid),Mid,386.89
T4_P294,T4,Retail Product 294 (Mid),Mid,342.62
T4_P295,T4,Retail Product 295 (Niche),Niche,168.68
T4_P296,T4,Retail Product 296 (Niche),Niche,78.4
T4_P297,T4,Retail Product 297 (Niche),Niche,414.15
T4_P298,T4,Retail Product 298 (Niche),Niche,411.11
T4_P299,T4,Retail Product 299 (Rare),Rare,459.05
T4_P300,T4,Retail Product 300 (Rare),Rare,187.9
